method,lr,bs,ep,f1,energy
GA,4.471679881753743e-05,8.0,5.0,0.8637820512820513,0.007740522652017431
GA,2.1674169164578253e-05,8.0,3.0,0.8615964151465674,0.00466213370355449
GA,3.708708949403661e-05,32.0,5.0,0.8615342010523401,0.004055759407846236
GA,3.2331913124436306e-05,8.0,5.0,0.8579039430655122,0.007761128683752114
GA,3.618021527520716e-05,-3.688059535453071,5.0,0.8575847170348736,0.007738732841215748
GA,2.0407379983198826e-05,8.0,2.776722992668768,0.8575206996335674,0.004660106323078644
GA,1.4476436600086845e-05,8.0,3.0,0.8474508229626656,0.004664714799523794
