method,lr,bs,ep,f1,energy
BO,3.1050144290284663e-06,32,3,0.4053250439248547,5.436850134170931e-05
BO,2.647072771489701e-05,8,2,0.8299319727891157,0.0003454163898965088
